<application>
  <component name="libraryTable">
    <library name="org.apache.logging.log4j:log4j-api:2.12.0" type="repository">
      <properties maven-id="org.apache.logging.log4j:log4j-api:2.12.0" />
      <CLASSES>
        <root url="jar://$MAVEN_REPOSITORY$/org/apache/logging/log4j/log4j-api/2.12.0/log4j-api-2.12.0.jar!/" />
      </CLASSES>
      <JAVADOC>
        <root url="jar://$MAVEN_REPOSITORY$/org/apache/logging/log4j/log4j-api/2.12.0/log4j-api-2.12.0-javadoc.jar!/" />
      </JAVADOC>
      <SOURCES />
    </library>
    <library name="org.apache.logging.log4j:log4j-core:2.12.0" type="repository">
      <properties maven-id="org.apache.logging.log4j:log4j-core:2.12.0" />
      <CLASSES>
        <root url="jar://$MAVEN_REPOSITORY$/org/apache/logging/log4j/log4j-core/2.12.0/log4j-core-2.12.0.jar!/" />
        <root url="jar://$MAVEN_REPOSITORY$/org/apache/logging/log4j/log4j-api/2.12.0/log4j-api-2.12.0.jar!/" />
      </CLASSES>
      <JAVADOC>
        <root url="jar://$MAVEN_REPOSITORY$/org/apache/logging/log4j/log4j-core/2.12.0/log4j-core-2.12.0-javadoc.jar!/" />
        <root url="jar://$MAVEN_REPOSITORY$/org/apache/logging/log4j/log4j-api/2.12.0/log4j-api-2.12.0-javadoc.jar!/" />
      </JAVADOC>
      <SOURCES />
    </library>
    <library name="org.apache.logging.log4j:log4j-jcl:2.12.0" type="repository">
      <properties maven-id="org.apache.logging.log4j:log4j-jcl:2.12.0" />
      <CLASSES>
        <root url="jar://$MAVEN_REPOSITORY$/org/apache/logging/log4j/log4j-jcl/2.12.0/log4j-jcl-2.12.0.jar!/" />
        <root url="jar://$MAVEN_REPOSITORY$/commons-logging/commons-logging/1.2/commons-logging-1.2.jar!/" />
        <root url="jar://$MAVEN_REPOSITORY$/org/apache/logging/log4j/log4j-api/2.12.0/log4j-api-2.12.0.jar!/" />
      </CLASSES>
      <JAVADOC>
        <root url="jar://$MAVEN_REPOSITORY$/org/apache/logging/log4j/log4j-jcl/2.12.0/log4j-jcl-2.12.0-javadoc.jar!/" />
        <root url="jar://$MAVEN_REPOSITORY$/commons-logging/commons-logging/1.2/commons-logging-1.2-javadoc.jar!/" />
        <root url="jar://$MAVEN_REPOSITORY$/org/apache/logging/log4j/log4j-api/2.12.0/log4j-api-2.12.0-javadoc.jar!/" />
      </JAVADOC>
      <SOURCES />
    </library>
    <library name="org.apache.logging.log4j:log4j-jul:2.12.0" type="repository">
      <properties maven-id="org.apache.logging.log4j:log4j-jul:2.12.0" />
      <CLASSES>
        <root url="jar://$MAVEN_REPOSITORY$/org/apache/logging/log4j/log4j-jul/2.12.0/log4j-jul-2.12.0.jar!/" />
        <root url="jar://$MAVEN_REPOSITORY$/org/apache/logging/log4j/log4j-api/2.12.0/log4j-api-2.12.0.jar!/" />
      </CLASSES>
      <JAVADOC>
        <root url="jar://$MAVEN_REPOSITORY$/org/apache/logging/log4j/log4j-jul/2.12.0/log4j-jul-2.12.0-javadoc.jar!/" />
        <root url="jar://$MAVEN_REPOSITORY$/org/apache/logging/log4j/log4j-api/2.12.0/log4j-api-2.12.0-javadoc.jar!/" />
      </JAVADOC>
      <SOURCES />
    </library>
    <library name="org.apache.spark:spark-core_2.11:2.3.2" type="repository">
      <properties maven-id="org.apache.spark:spark-core_2.11:2.3.2" />
      <CLASSES>
        <root url="jar://$MAVEN_REPOSITORY$/org/apache/spark/spark-core_2.11/2.3.2/spark-core_2.11-2.3.2.jar!/" />
        <root url="jar://$MAVEN_REPOSITORY$/org/apache/avro/avro/1.7.7/avro-1.7.7.jar!/" />
        <root url="jar://$MAVEN_REPOSITORY$/org/codehaus/jackson/jackson-core-asl/1.9.13/jackson-core-asl-1.9.13.jar!/" />
        <root url="jar://$MAVEN_REPOSITORY$/org/codehaus/jackson/jackson-mapper-asl/1.9.13/jackson-mapper-asl-1.9.13.jar!/" />
        <root url="jar://$MAVEN_REPOSITORY$/com/thoughtworks/paranamer/paranamer/2.3/paranamer-2.3.jar!/" />
        <root url="jar://$MAVEN_REPOSITORY$/org/apache/commons/commons-compress/1.4.1/commons-compress-1.4.1.jar!/" />
        <root url="jar://$MAVEN_REPOSITORY$/org/tukaani/xz/1.0/xz-1.0.jar!/" />
        <root url="jar://$MAVEN_REPOSITORY$/org/apache/avro/avro-mapred/1.7.7/avro-mapred-1.7.7.jar!/" />
        <root url="jar://$MAVEN_REPOSITORY$/org/apache/avro/avro-ipc/1.7.7/avro-ipc-1.7.7.jar!/" />
        <root url="jar://$MAVEN_REPOSITORY$/com/twitter/chill_2.11/0.8.4/chill_2.11-0.8.4.jar!/" />
        <root url="jar://$MAVEN_REPOSITORY$/com/esotericsoftware/kryo-shaded/3.0.3/kryo-shaded-3.0.3.jar!/" />
        <root url="jar://$MAVEN_REPOSITORY$/com/esotericsoftware/minlog/1.3.0/minlog-1.3.0.jar!/" />
        <root url="jar://$MAVEN_REPOSITORY$/org/objenesis/objenesis/2.1/objenesis-2.1.jar!/" />
        <root url="jar://$MAVEN_REPOSITORY$/com/twitter/chill-java/0.8.4/chill-java-0.8.4.jar!/" />
        <root url="jar://$MAVEN_REPOSITORY$/org/apache/xbean/xbean-asm5-shaded/4.4/xbean-asm5-shaded-4.4.jar!/" />
        <root url="jar://$MAVEN_REPOSITORY$/org/apache/hadoop/hadoop-client/2.6.5/hadoop-client-2.6.5.jar!/" />
        <root url="jar://$MAVEN_REPOSITORY$/org/apache/hadoop/hadoop-common/2.6.5/hadoop-common-2.6.5.jar!/" />
        <root url="jar://$MAVEN_REPOSITORY$/commons-cli/commons-cli/1.2/commons-cli-1.2.jar!/" />
        <root url="jar://$MAVEN_REPOSITORY$/xmlenc/xmlenc/0.52/xmlenc-0.52.jar!/" />
        <root url="jar://$MAVEN_REPOSITORY$/commons-httpclient/commons-httpclient/3.1/commons-httpclient-3.1.jar!/" />
        <root url="jar://$MAVEN_REPOSITORY$/commons-io/commons-io/2.4/commons-io-2.4.jar!/" />
        <root url="jar://$MAVEN_REPOSITORY$/commons-collections/commons-collections/3.2.2/commons-collections-3.2.2.jar!/" />
        <root url="jar://$MAVEN_REPOSITORY$/commons-lang/commons-lang/2.6/commons-lang-2.6.jar!/" />
        <root url="jar://$MAVEN_REPOSITORY$/commons-configuration/commons-configuration/1.6/commons-configuration-1.6.jar!/" />
        <root url="jar://$MAVEN_REPOSITORY$/commons-digester/commons-digester/1.8/commons-digester-1.8.jar!/" />
        <root url="jar://$MAVEN_REPOSITORY$/commons-beanutils/commons-beanutils/1.7.0/commons-beanutils-1.7.0.jar!/" />
        <root url="jar://$MAVEN_REPOSITORY$/commons-beanutils/commons-beanutils-core/1.8.0/commons-beanutils-core-1.8.0.jar!/" />
        <root url="jar://$MAVEN_REPOSITORY$/com/google/protobuf/protobuf-java/2.5.0/protobuf-java-2.5.0.jar!/" />
        <root url="jar://$MAVEN_REPOSITORY$/com/google/code/gson/gson/2.2.4/gson-2.2.4.jar!/" />
        <root url="jar://$MAVEN_REPOSITORY$/org/apache/hadoop/hadoop-auth/2.6.5/hadoop-auth-2.6.5.jar!/" />
        <root url="jar://$MAVEN_REPOSITORY$/org/apache/directory/server/apacheds-kerberos-codec/2.0.0-M15/apacheds-kerberos-codec-2.0.0-M15.jar!/" />
        <root url="jar://$MAVEN_REPOSITORY$/org/apache/directory/server/apacheds-i18n/2.0.0-M15/apacheds-i18n-2.0.0-M15.jar!/" />
        <root url="jar://$MAVEN_REPOSITORY$/org/apache/directory/api/api-asn1-api/1.0.0-M20/api-asn1-api-1.0.0-M20.jar!/" />
        <root url="jar://$MAVEN_REPOSITORY$/org/apache/directory/api/api-util/1.0.0-M20/api-util-1.0.0-M20.jar!/" />
        <root url="jar://$MAVEN_REPOSITORY$/org/apache/curator/curator-client/2.6.0/curator-client-2.6.0.jar!/" />
        <root url="jar://$MAVEN_REPOSITORY$/org/htrace/htrace-core/3.0.4/htrace-core-3.0.4.jar!/" />
        <root url="jar://$MAVEN_REPOSITORY$/org/apache/hadoop/hadoop-hdfs/2.6.5/hadoop-hdfs-2.6.5.jar!/" />
        <root url="jar://$MAVEN_REPOSITORY$/org/mortbay/jetty/jetty-util/6.1.26/jetty-util-6.1.26.jar!/" />
        <root url="jar://$MAVEN_REPOSITORY$/xerces/xercesImpl/2.9.1/xercesImpl-2.9.1.jar!/" />
        <root url="jar://$MAVEN_REPOSITORY$/xml-apis/xml-apis/1.3.04/xml-apis-1.3.04.jar!/" />
        <root url="jar://$MAVEN_REPOSITORY$/org/apache/hadoop/hadoop-mapreduce-client-app/2.6.5/hadoop-mapreduce-client-app-2.6.5.jar!/" />
        <root url="jar://$MAVEN_REPOSITORY$/org/apache/hadoop/hadoop-mapreduce-client-common/2.6.5/hadoop-mapreduce-client-common-2.6.5.jar!/" />
        <root url="jar://$MAVEN_REPOSITORY$/org/apache/hadoop/hadoop-yarn-client/2.6.5/hadoop-yarn-client-2.6.5.jar!/" />
        <root url="jar://$MAVEN_REPOSITORY$/org/apache/hadoop/hadoop-yarn-server-common/2.6.5/hadoop-yarn-server-common-2.6.5.jar!/" />
        <root url="jar://$MAVEN_REPOSITORY$/org/apache/hadoop/hadoop-mapreduce-client-shuffle/2.6.5/hadoop-mapreduce-client-shuffle-2.6.5.jar!/" />
        <root url="jar://$MAVEN_REPOSITORY$/org/apache/hadoop/hadoop-yarn-api/2.6.5/hadoop-yarn-api-2.6.5.jar!/" />
        <root url="jar://$MAVEN_REPOSITORY$/org/apache/hadoop/hadoop-mapreduce-client-core/2.6.5/hadoop-mapreduce-client-core-2.6.5.jar!/" />
        <root url="jar://$MAVEN_REPOSITORY$/org/apache/hadoop/hadoop-yarn-common/2.6.5/hadoop-yarn-common-2.6.5.jar!/" />
        <root url="jar://$MAVEN_REPOSITORY$/javax/xml/bind/jaxb-api/2.2.2/jaxb-api-2.2.2.jar!/" />
        <root url="jar://$MAVEN_REPOSITORY$/javax/xml/stream/stax-api/1.0-2/stax-api-1.0-2.jar!/" />
        <root url="jar://$MAVEN_REPOSITORY$/org/codehaus/jackson/jackson-jaxrs/1.9.13/jackson-jaxrs-1.9.13.jar!/" />
        <root url="jar://$MAVEN_REPOSITORY$/org/codehaus/jackson/jackson-xc/1.9.13/jackson-xc-1.9.13.jar!/" />
        <root url="jar://$MAVEN_REPOSITORY$/org/apache/hadoop/hadoop-mapreduce-client-jobclient/2.6.5/hadoop-mapreduce-client-jobclient-2.6.5.jar!/" />
        <root url="jar://$MAVEN_REPOSITORY$/org/apache/hadoop/hadoop-annotations/2.6.5/hadoop-annotations-2.6.5.jar!/" />
        <root url="jar://$MAVEN_REPOSITORY$/org/apache/spark/spark-launcher_2.11/2.3.2/spark-launcher_2.11-2.3.2.jar!/" />
        <root url="jar://$MAVEN_REPOSITORY$/org/apache/spark/spark-kvstore_2.11/2.3.2/spark-kvstore_2.11-2.3.2.jar!/" />
        <root url="jar://$MAVEN_REPOSITORY$/org/fusesource/leveldbjni/leveldbjni-all/1.8/leveldbjni-all-1.8.jar!/" />
        <root url="jar://$MAVEN_REPOSITORY$/com/fasterxml/jackson/core/jackson-core/2.6.7/jackson-core-2.6.7.jar!/" />
        <root url="jar://$MAVEN_REPOSITORY$/com/fasterxml/jackson/core/jackson-annotations/2.6.7/jackson-annotations-2.6.7.jar!/" />
        <root url="jar://$MAVEN_REPOSITORY$/org/apache/spark/spark-network-common_2.11/2.3.2/spark-network-common_2.11-2.3.2.jar!/" />
        <root url="jar://$MAVEN_REPOSITORY$/org/apache/spark/spark-network-shuffle_2.11/2.3.2/spark-network-shuffle_2.11-2.3.2.jar!/" />
        <root url="jar://$MAVEN_REPOSITORY$/org/apache/spark/spark-unsafe_2.11/2.3.2/spark-unsafe_2.11-2.3.2.jar!/" />
        <root url="jar://$MAVEN_REPOSITORY$/net/java/dev/jets3t/jets3t/0.9.4/jets3t-0.9.4.jar!/" />
        <root url="jar://$MAVEN_REPOSITORY$/org/apache/httpcomponents/httpcore/4.4.1/httpcore-4.4.1.jar!/" />
        <root url="jar://$MAVEN_REPOSITORY$/org/apache/httpcomponents/httpclient/4.5/httpclient-4.5.jar!/" />
        <root url="jar://$MAVEN_REPOSITORY$/commons-codec/commons-codec/1.12/commons-codec-1.12.jar!/" />
        <root url="jar://$MAVEN_REPOSITORY$/javax/activation/activation/1.1.1/activation-1.1.1.jar!/" />
        <root url="jar://$MAVEN_REPOSITORY$/org/bouncycastle/bcprov-jdk15on/1.52/bcprov-jdk15on-1.52.jar!/" />
        <root url="jar://$MAVEN_REPOSITORY$/com/jamesmurty/utils/java-xmlbuilder/1.1/java-xmlbuilder-1.1.jar!/" />
        <root url="jar://$MAVEN_REPOSITORY$/net/iharder/base64/2.3.8/base64-2.3.8.jar!/" />
        <root url="jar://$MAVEN_REPOSITORY$/org/apache/curator/curator-recipes/2.6.0/curator-recipes-2.6.0.jar!/" />
        <root url="jar://$MAVEN_REPOSITORY$/org/apache/curator/curator-framework/2.6.0/curator-framework-2.6.0.jar!/" />
        <root url="jar://$MAVEN_REPOSITORY$/org/apache/zookeeper/zookeeper/3.4.6/zookeeper-3.4.6.jar!/" />
        <root url="jar://$MAVEN_REPOSITORY$/com/google/guava/guava/16.0.1/guava-16.0.1.jar!/" />
        <root url="jar://$MAVEN_REPOSITORY$/javax/servlet/javax.servlet-api/3.1.0/javax.servlet-api-3.1.0.jar!/" />
        <root url="jar://$MAVEN_REPOSITORY$/org/apache/commons/commons-lang3/3.5/commons-lang3-3.5.jar!/" />
        <root url="jar://$MAVEN_REPOSITORY$/org/apache/commons/commons-math3/3.4.1/commons-math3-3.4.1.jar!/" />
        <root url="jar://$MAVEN_REPOSITORY$/com/google/code/findbugs/jsr305/1.3.9/jsr305-1.3.9.jar!/" />
        <root url="jar://$MAVEN_REPOSITORY$/org/slf4j/slf4j-api/1.7.16/slf4j-api-1.7.16.jar!/" />
        <root url="jar://$MAVEN_REPOSITORY$/org/slf4j/jul-to-slf4j/1.7.16/jul-to-slf4j-1.7.16.jar!/" />
        <root url="jar://$MAVEN_REPOSITORY$/org/slf4j/jcl-over-slf4j/1.7.16/jcl-over-slf4j-1.7.16.jar!/" />
        <root url="jar://$MAVEN_REPOSITORY$/log4j/log4j/1.2.17/log4j-1.2.17.jar!/" />
        <root url="jar://$MAVEN_REPOSITORY$/org/slf4j/slf4j-log4j12/1.7.16/slf4j-log4j12-1.7.16.jar!/" />
        <root url="jar://$MAVEN_REPOSITORY$/com/ning/compress-lzf/1.0.3/compress-lzf-1.0.3.jar!/" />
        <root url="jar://$MAVEN_REPOSITORY$/org/xerial/snappy/snappy-java/1.1.2.6/snappy-java-1.1.2.6.jar!/" />
        <root url="jar://$MAVEN_REPOSITORY$/org/lz4/lz4-java/1.4.0/lz4-java-1.4.0.jar!/" />
        <root url="jar://$MAVEN_REPOSITORY$/com/github/luben/zstd-jni/1.3.2-2/zstd-jni-1.3.2-2.jar!/" />
        <root url="jar://$MAVEN_REPOSITORY$/org/roaringbitmap/RoaringBitmap/0.5.11/RoaringBitmap-0.5.11.jar!/" />
        <root url="jar://$MAVEN_REPOSITORY$/commons-net/commons-net/2.2/commons-net-2.2.jar!/" />
        <root url="jar://$MAVEN_REPOSITORY$/org/scala-lang/scala-library/2.11.8/scala-library-2.11.8.jar!/" />
        <root url="jar://$MAVEN_REPOSITORY$/org/json4s/json4s-jackson_2.11/3.2.11/json4s-jackson_2.11-3.2.11.jar!/" />
        <root url="jar://$MAVEN_REPOSITORY$/org/json4s/json4s-core_2.11/3.2.11/json4s-core_2.11-3.2.11.jar!/" />
        <root url="jar://$MAVEN_REPOSITORY$/org/json4s/json4s-ast_2.11/3.2.11/json4s-ast_2.11-3.2.11.jar!/" />
        <root url="jar://$MAVEN_REPOSITORY$/org/scala-lang/scalap/2.11.0/scalap-2.11.0.jar!/" />
        <root url="jar://$MAVEN_REPOSITORY$/org/scala-lang/scala-compiler/2.11.0/scala-compiler-2.11.0.jar!/" />
        <root url="jar://$MAVEN_REPOSITORY$/org/scala-lang/modules/scala-xml_2.11/1.0.1/scala-xml_2.11-1.0.1.jar!/" />
        <root url="jar://$MAVEN_REPOSITORY$/org/scala-lang/modules/scala-parser-combinators_2.11/1.0.1/scala-parser-combinators_2.11-1.0.1.jar!/" />
        <root url="jar://$MAVEN_REPOSITORY$/org/glassfish/jersey/core/jersey-client/2.22.2/jersey-client-2.22.2.jar!/" />
        <root url="jar://$MAVEN_REPOSITORY$/javax/ws/rs/javax.ws.rs-api/2.0.1/javax.ws.rs-api-2.0.1.jar!/" />
        <root url="jar://$MAVEN_REPOSITORY$/org/glassfish/hk2/hk2-api/2.4.0-b34/hk2-api-2.4.0-b34.jar!/" />
        <root url="jar://$MAVEN_REPOSITORY$/org/glassfish/hk2/hk2-utils/2.4.0-b34/hk2-utils-2.4.0-b34.jar!/" />
        <root url="jar://$MAVEN_REPOSITORY$/org/glassfish/hk2/external/aopalliance-repackaged/2.4.0-b34/aopalliance-repackaged-2.4.0-b34.jar!/" />
        <root url="jar://$MAVEN_REPOSITORY$/org/glassfish/hk2/external/javax.inject/2.4.0-b34/javax.inject-2.4.0-b34.jar!/" />
        <root url="jar://$MAVEN_REPOSITORY$/org/glassfish/hk2/hk2-locator/2.4.0-b34/hk2-locator-2.4.0-b34.jar!/" />
        <root url="jar://$MAVEN_REPOSITORY$/org/javassist/javassist/3.18.1-GA/javassist-3.18.1-GA.jar!/" />
        <root url="jar://$MAVEN_REPOSITORY$/org/glassfish/jersey/core/jersey-common/2.22.2/jersey-common-2.22.2.jar!/" />
        <root url="jar://$MAVEN_REPOSITORY$/javax/annotation/javax.annotation-api/1.2/javax.annotation-api-1.2.jar!/" />
        <root url="jar://$MAVEN_REPOSITORY$/org/glassfish/jersey/bundles/repackaged/jersey-guava/2.22.2/jersey-guava-2.22.2.jar!/" />
        <root url="jar://$MAVEN_REPOSITORY$/org/glassfish/hk2/osgi-resource-locator/1.0.1/osgi-resource-locator-1.0.1.jar!/" />
        <root url="jar://$MAVEN_REPOSITORY$/org/glassfish/jersey/core/jersey-server/2.22.2/jersey-server-2.22.2.jar!/" />
        <root url="jar://$MAVEN_REPOSITORY$/org/glassfish/jersey/media/jersey-media-jaxb/2.22.2/jersey-media-jaxb-2.22.2.jar!/" />
        <root url="jar://$MAVEN_REPOSITORY$/javax/validation/validation-api/1.1.0.Final/validation-api-1.1.0.Final.jar!/" />
        <root url="jar://$MAVEN_REPOSITORY$/org/glassfish/jersey/containers/jersey-container-servlet/2.22.2/jersey-container-servlet-2.22.2.jar!/" />
        <root url="jar://$MAVEN_REPOSITORY$/org/glassfish/jersey/containers/jersey-container-servlet-core/2.22.2/jersey-container-servlet-core-2.22.2.jar!/" />
        <root url="jar://$MAVEN_REPOSITORY$/io/netty/netty-all/4.1.17.Final/netty-all-4.1.17.Final.jar!/" />
        <root url="jar://$MAVEN_REPOSITORY$/io/netty/netty/3.9.9.Final/netty-3.9.9.Final.jar!/" />
        <root url="jar://$MAVEN_REPOSITORY$/com/clearspring/analytics/stream/2.7.0/stream-2.7.0.jar!/" />
        <root url="jar://$MAVEN_REPOSITORY$/io/dropwizard/metrics/metrics-core/3.1.5/metrics-core-3.1.5.jar!/" />
        <root url="jar://$MAVEN_REPOSITORY$/io/dropwizard/metrics/metrics-jvm/3.1.5/metrics-jvm-3.1.5.jar!/" />
        <root url="jar://$MAVEN_REPOSITORY$/io/dropwizard/metrics/metrics-json/3.1.5/metrics-json-3.1.5.jar!/" />
        <root url="jar://$MAVEN_REPOSITORY$/io/dropwizard/metrics/metrics-graphite/3.1.5/metrics-graphite-3.1.5.jar!/" />
        <root url="jar://$MAVEN_REPOSITORY$/com/fasterxml/jackson/core/jackson-databind/2.6.7.1/jackson-databind-2.6.7.1.jar!/" />
        <root url="jar://$MAVEN_REPOSITORY$/com/fasterxml/jackson/module/jackson-module-scala_2.11/2.6.7.1/jackson-module-scala_2.11-2.6.7.1.jar!/" />
        <root url="jar://$MAVEN_REPOSITORY$/org/scala-lang/scala-reflect/2.11.8/scala-reflect-2.11.8.jar!/" />
        <root url="jar://$MAVEN_REPOSITORY$/com/fasterxml/jackson/module/jackson-module-paranamer/2.7.9/jackson-module-paranamer-2.7.9.jar!/" />
        <root url="jar://$MAVEN_REPOSITORY$/org/apache/ivy/ivy/2.4.0/ivy-2.4.0.jar!/" />
        <root url="jar://$MAVEN_REPOSITORY$/oro/oro/2.0.8/oro-2.0.8.jar!/" />
        <root url="jar://$MAVEN_REPOSITORY$/net/razorvine/pyrolite/4.13/pyrolite-4.13.jar!/" />
        <root url="jar://$MAVEN_REPOSITORY$/net/sf/py4j/py4j/0.10.7/py4j-0.10.7.jar!/" />
        <root url="jar://$MAVEN_REPOSITORY$/org/apache/spark/spark-tags_2.11/2.3.2/spark-tags_2.11-2.3.2.jar!/" />
        <root url="jar://$MAVEN_REPOSITORY$/org/apache/commons/commons-crypto/1.0.0/commons-crypto-1.0.0.jar!/" />
        <root url="jar://$MAVEN_REPOSITORY$/org/spark-project/spark/unused/1.0.0/unused-1.0.0.jar!/" />
      </CLASSES>
      <JAVADOC />
      <SOURCES />
    </library>
    <library name="org.apache.spark:spark-sql_2.11:2.3.2" type="repository">
      <properties maven-id="org.apache.spark:spark-sql_2.11:2.3.2" />
      <CLASSES>
        <root url="jar://$MAVEN_REPOSITORY$/org/apache/spark/spark-sql_2.11/2.3.2/spark-sql_2.11-2.3.2.jar!/" />
        <root url="jar://$MAVEN_REPOSITORY$/com/univocity/univocity-parsers/2.5.9/univocity-parsers-2.5.9.jar!/" />
        <root url="jar://$MAVEN_REPOSITORY$/org/apache/spark/spark-sketch_2.11/2.3.2/spark-sketch_2.11-2.3.2.jar!/" />
        <root url="jar://$MAVEN_REPOSITORY$/org/apache/spark/spark-core_2.11/2.3.2/spark-core_2.11-2.3.2.jar!/" />
        <root url="jar://$MAVEN_REPOSITORY$/org/apache/avro/avro/1.7.7/avro-1.7.7.jar!/" />
        <root url="jar://$MAVEN_REPOSITORY$/com/thoughtworks/paranamer/paranamer/2.3/paranamer-2.3.jar!/" />
        <root url="jar://$MAVEN_REPOSITORY$/org/apache/commons/commons-compress/1.4.1/commons-compress-1.4.1.jar!/" />
        <root url="jar://$MAVEN_REPOSITORY$/org/tukaani/xz/1.0/xz-1.0.jar!/" />
        <root url="jar://$MAVEN_REPOSITORY$/org/apache/avro/avro-mapred/1.7.7/avro-mapred-1.7.7.jar!/" />
        <root url="jar://$MAVEN_REPOSITORY$/org/apache/avro/avro-ipc/1.7.7/avro-ipc-1.7.7.jar!/" />
        <root url="jar://$MAVEN_REPOSITORY$/com/twitter/chill_2.11/0.8.4/chill_2.11-0.8.4.jar!/" />
        <root url="jar://$MAVEN_REPOSITORY$/com/twitter/chill-java/0.8.4/chill-java-0.8.4.jar!/" />
        <root url="jar://$MAVEN_REPOSITORY$/org/apache/hadoop/hadoop-client/2.6.5/hadoop-client-2.6.5.jar!/" />
        <root url="jar://$MAVEN_REPOSITORY$/org/apache/hadoop/hadoop-common/2.6.5/hadoop-common-2.6.5.jar!/" />
        <root url="jar://$MAVEN_REPOSITORY$/commons-cli/commons-cli/1.2/commons-cli-1.2.jar!/" />
        <root url="jar://$MAVEN_REPOSITORY$/xmlenc/xmlenc/0.52/xmlenc-0.52.jar!/" />
        <root url="jar://$MAVEN_REPOSITORY$/commons-httpclient/commons-httpclient/3.1/commons-httpclient-3.1.jar!/" />
        <root url="jar://$MAVEN_REPOSITORY$/commons-io/commons-io/2.4/commons-io-2.4.jar!/" />
        <root url="jar://$MAVEN_REPOSITORY$/commons-collections/commons-collections/3.2.2/commons-collections-3.2.2.jar!/" />
        <root url="jar://$MAVEN_REPOSITORY$/commons-configuration/commons-configuration/1.6/commons-configuration-1.6.jar!/" />
        <root url="jar://$MAVEN_REPOSITORY$/commons-digester/commons-digester/1.8/commons-digester-1.8.jar!/" />
        <root url="jar://$MAVEN_REPOSITORY$/commons-beanutils/commons-beanutils/1.7.0/commons-beanutils-1.7.0.jar!/" />
        <root url="jar://$MAVEN_REPOSITORY$/commons-beanutils/commons-beanutils-core/1.8.0/commons-beanutils-core-1.8.0.jar!/" />
        <root url="jar://$MAVEN_REPOSITORY$/com/google/code/gson/gson/2.2.4/gson-2.2.4.jar!/" />
        <root url="jar://$MAVEN_REPOSITORY$/org/apache/hadoop/hadoop-auth/2.6.5/hadoop-auth-2.6.5.jar!/" />
        <root url="jar://$MAVEN_REPOSITORY$/org/apache/directory/server/apacheds-kerberos-codec/2.0.0-M15/apacheds-kerberos-codec-2.0.0-M15.jar!/" />
        <root url="jar://$MAVEN_REPOSITORY$/org/apache/directory/server/apacheds-i18n/2.0.0-M15/apacheds-i18n-2.0.0-M15.jar!/" />
        <root url="jar://$MAVEN_REPOSITORY$/org/apache/directory/api/api-asn1-api/1.0.0-M20/api-asn1-api-1.0.0-M20.jar!/" />
        <root url="jar://$MAVEN_REPOSITORY$/org/apache/directory/api/api-util/1.0.0-M20/api-util-1.0.0-M20.jar!/" />
        <root url="jar://$MAVEN_REPOSITORY$/org/apache/curator/curator-client/2.6.0/curator-client-2.6.0.jar!/" />
        <root url="jar://$MAVEN_REPOSITORY$/org/htrace/htrace-core/3.0.4/htrace-core-3.0.4.jar!/" />
        <root url="jar://$MAVEN_REPOSITORY$/org/apache/hadoop/hadoop-hdfs/2.6.5/hadoop-hdfs-2.6.5.jar!/" />
        <root url="jar://$MAVEN_REPOSITORY$/org/mortbay/jetty/jetty-util/6.1.26/jetty-util-6.1.26.jar!/" />
        <root url="jar://$MAVEN_REPOSITORY$/xerces/xercesImpl/2.9.1/xercesImpl-2.9.1.jar!/" />
        <root url="jar://$MAVEN_REPOSITORY$/xml-apis/xml-apis/1.3.04/xml-apis-1.3.04.jar!/" />
        <root url="jar://$MAVEN_REPOSITORY$/org/apache/hadoop/hadoop-mapreduce-client-app/2.6.5/hadoop-mapreduce-client-app-2.6.5.jar!/" />
        <root url="jar://$MAVEN_REPOSITORY$/org/apache/hadoop/hadoop-mapreduce-client-common/2.6.5/hadoop-mapreduce-client-common-2.6.5.jar!/" />
        <root url="jar://$MAVEN_REPOSITORY$/org/apache/hadoop/hadoop-yarn-client/2.6.5/hadoop-yarn-client-2.6.5.jar!/" />
        <root url="jar://$MAVEN_REPOSITORY$/org/apache/hadoop/hadoop-yarn-server-common/2.6.5/hadoop-yarn-server-common-2.6.5.jar!/" />
        <root url="jar://$MAVEN_REPOSITORY$/org/apache/hadoop/hadoop-mapreduce-client-shuffle/2.6.5/hadoop-mapreduce-client-shuffle-2.6.5.jar!/" />
        <root url="jar://$MAVEN_REPOSITORY$/org/apache/hadoop/hadoop-yarn-api/2.6.5/hadoop-yarn-api-2.6.5.jar!/" />
        <root url="jar://$MAVEN_REPOSITORY$/org/apache/hadoop/hadoop-mapreduce-client-core/2.6.5/hadoop-mapreduce-client-core-2.6.5.jar!/" />
        <root url="jar://$MAVEN_REPOSITORY$/org/apache/hadoop/hadoop-yarn-common/2.6.5/hadoop-yarn-common-2.6.5.jar!/" />
        <root url="jar://$MAVEN_REPOSITORY$/javax/xml/bind/jaxb-api/2.2.2/jaxb-api-2.2.2.jar!/" />
        <root url="jar://$MAVEN_REPOSITORY$/javax/xml/stream/stax-api/1.0-2/stax-api-1.0-2.jar!/" />
        <root url="jar://$MAVEN_REPOSITORY$/org/codehaus/jackson/jackson-jaxrs/1.9.13/jackson-jaxrs-1.9.13.jar!/" />
        <root url="jar://$MAVEN_REPOSITORY$/org/codehaus/jackson/jackson-xc/1.9.13/jackson-xc-1.9.13.jar!/" />
        <root url="jar://$MAVEN_REPOSITORY$/org/apache/hadoop/hadoop-mapreduce-client-jobclient/2.6.5/hadoop-mapreduce-client-jobclient-2.6.5.jar!/" />
        <root url="jar://$MAVEN_REPOSITORY$/org/apache/hadoop/hadoop-annotations/2.6.5/hadoop-annotations-2.6.5.jar!/" />
        <root url="jar://$MAVEN_REPOSITORY$/org/apache/spark/spark-launcher_2.11/2.3.2/spark-launcher_2.11-2.3.2.jar!/" />
        <root url="jar://$MAVEN_REPOSITORY$/org/apache/spark/spark-kvstore_2.11/2.3.2/spark-kvstore_2.11-2.3.2.jar!/" />
        <root url="jar://$MAVEN_REPOSITORY$/org/fusesource/leveldbjni/leveldbjni-all/1.8/leveldbjni-all-1.8.jar!/" />
        <root url="jar://$MAVEN_REPOSITORY$/org/apache/spark/spark-network-common_2.11/2.3.2/spark-network-common_2.11-2.3.2.jar!/" />
        <root url="jar://$MAVEN_REPOSITORY$/org/apache/spark/spark-network-shuffle_2.11/2.3.2/spark-network-shuffle_2.11-2.3.2.jar!/" />
        <root url="jar://$MAVEN_REPOSITORY$/org/apache/spark/spark-unsafe_2.11/2.3.2/spark-unsafe_2.11-2.3.2.jar!/" />
        <root url="jar://$MAVEN_REPOSITORY$/net/java/dev/jets3t/jets3t/0.9.4/jets3t-0.9.4.jar!/" />
        <root url="jar://$MAVEN_REPOSITORY$/org/apache/httpcomponents/httpcore/4.4.1/httpcore-4.4.1.jar!/" />
        <root url="jar://$MAVEN_REPOSITORY$/org/apache/httpcomponents/httpclient/4.5/httpclient-4.5.jar!/" />
        <root url="jar://$MAVEN_REPOSITORY$/javax/activation/activation/1.1.1/activation-1.1.1.jar!/" />
        <root url="jar://$MAVEN_REPOSITORY$/org/bouncycastle/bcprov-jdk15on/1.52/bcprov-jdk15on-1.52.jar!/" />
        <root url="jar://$MAVEN_REPOSITORY$/com/jamesmurty/utils/java-xmlbuilder/1.1/java-xmlbuilder-1.1.jar!/" />
        <root url="jar://$MAVEN_REPOSITORY$/net/iharder/base64/2.3.8/base64-2.3.8.jar!/" />
        <root url="jar://$MAVEN_REPOSITORY$/org/apache/curator/curator-recipes/2.6.0/curator-recipes-2.6.0.jar!/" />
        <root url="jar://$MAVEN_REPOSITORY$/org/apache/curator/curator-framework/2.6.0/curator-framework-2.6.0.jar!/" />
        <root url="jar://$MAVEN_REPOSITORY$/org/apache/zookeeper/zookeeper/3.4.6/zookeeper-3.4.6.jar!/" />
        <root url="jar://$MAVEN_REPOSITORY$/com/google/guava/guava/16.0.1/guava-16.0.1.jar!/" />
        <root url="jar://$MAVEN_REPOSITORY$/javax/servlet/javax.servlet-api/3.1.0/javax.servlet-api-3.1.0.jar!/" />
        <root url="jar://$MAVEN_REPOSITORY$/org/apache/commons/commons-lang3/3.5/commons-lang3-3.5.jar!/" />
        <root url="jar://$MAVEN_REPOSITORY$/org/apache/commons/commons-math3/3.4.1/commons-math3-3.4.1.jar!/" />
        <root url="jar://$MAVEN_REPOSITORY$/com/google/code/findbugs/jsr305/1.3.9/jsr305-1.3.9.jar!/" />
        <root url="jar://$MAVEN_REPOSITORY$/org/slf4j/slf4j-api/1.7.16/slf4j-api-1.7.16.jar!/" />
        <root url="jar://$MAVEN_REPOSITORY$/org/slf4j/jul-to-slf4j/1.7.16/jul-to-slf4j-1.7.16.jar!/" />
        <root url="jar://$MAVEN_REPOSITORY$/org/slf4j/jcl-over-slf4j/1.7.16/jcl-over-slf4j-1.7.16.jar!/" />
        <root url="jar://$MAVEN_REPOSITORY$/log4j/log4j/1.2.17/log4j-1.2.17.jar!/" />
        <root url="jar://$MAVEN_REPOSITORY$/org/slf4j/slf4j-log4j12/1.7.16/slf4j-log4j12-1.7.16.jar!/" />
        <root url="jar://$MAVEN_REPOSITORY$/com/ning/compress-lzf/1.0.3/compress-lzf-1.0.3.jar!/" />
        <root url="jar://$MAVEN_REPOSITORY$/org/xerial/snappy/snappy-java/1.1.2.6/snappy-java-1.1.2.6.jar!/" />
        <root url="jar://$MAVEN_REPOSITORY$/org/lz4/lz4-java/1.4.0/lz4-java-1.4.0.jar!/" />
        <root url="jar://$MAVEN_REPOSITORY$/com/github/luben/zstd-jni/1.3.2-2/zstd-jni-1.3.2-2.jar!/" />
        <root url="jar://$MAVEN_REPOSITORY$/org/roaringbitmap/RoaringBitmap/0.5.11/RoaringBitmap-0.5.11.jar!/" />
        <root url="jar://$MAVEN_REPOSITORY$/commons-net/commons-net/2.2/commons-net-2.2.jar!/" />
        <root url="jar://$MAVEN_REPOSITORY$/org/scala-lang/scala-library/2.11.8/scala-library-2.11.8.jar!/" />
        <root url="jar://$MAVEN_REPOSITORY$/org/json4s/json4s-jackson_2.11/3.2.11/json4s-jackson_2.11-3.2.11.jar!/" />
        <root url="jar://$MAVEN_REPOSITORY$/org/json4s/json4s-core_2.11/3.2.11/json4s-core_2.11-3.2.11.jar!/" />
        <root url="jar://$MAVEN_REPOSITORY$/org/json4s/json4s-ast_2.11/3.2.11/json4s-ast_2.11-3.2.11.jar!/" />
        <root url="jar://$MAVEN_REPOSITORY$/org/scala-lang/scalap/2.11.0/scalap-2.11.0.jar!/" />
        <root url="jar://$MAVEN_REPOSITORY$/org/scala-lang/scala-compiler/2.11.0/scala-compiler-2.11.0.jar!/" />
        <root url="jar://$MAVEN_REPOSITORY$/org/scala-lang/modules/scala-xml_2.11/1.0.1/scala-xml_2.11-1.0.1.jar!/" />
        <root url="jar://$MAVEN_REPOSITORY$/org/glassfish/jersey/core/jersey-client/2.22.2/jersey-client-2.22.2.jar!/" />
        <root url="jar://$MAVEN_REPOSITORY$/javax/ws/rs/javax.ws.rs-api/2.0.1/javax.ws.rs-api-2.0.1.jar!/" />
        <root url="jar://$MAVEN_REPOSITORY$/org/glassfish/hk2/hk2-api/2.4.0-b34/hk2-api-2.4.0-b34.jar!/" />
        <root url="jar://$MAVEN_REPOSITORY$/org/glassfish/hk2/hk2-utils/2.4.0-b34/hk2-utils-2.4.0-b34.jar!/" />
        <root url="jar://$MAVEN_REPOSITORY$/org/glassfish/hk2/external/aopalliance-repackaged/2.4.0-b34/aopalliance-repackaged-2.4.0-b34.jar!/" />
        <root url="jar://$MAVEN_REPOSITORY$/org/glassfish/hk2/external/javax.inject/2.4.0-b34/javax.inject-2.4.0-b34.jar!/" />
        <root url="jar://$MAVEN_REPOSITORY$/org/glassfish/hk2/hk2-locator/2.4.0-b34/hk2-locator-2.4.0-b34.jar!/" />
        <root url="jar://$MAVEN_REPOSITORY$/org/javassist/javassist/3.18.1-GA/javassist-3.18.1-GA.jar!/" />
        <root url="jar://$MAVEN_REPOSITORY$/org/glassfish/jersey/core/jersey-common/2.22.2/jersey-common-2.22.2.jar!/" />
        <root url="jar://$MAVEN_REPOSITORY$/javax/annotation/javax.annotation-api/1.2/javax.annotation-api-1.2.jar!/" />
        <root url="jar://$MAVEN_REPOSITORY$/org/glassfish/jersey/bundles/repackaged/jersey-guava/2.22.2/jersey-guava-2.22.2.jar!/" />
        <root url="jar://$MAVEN_REPOSITORY$/org/glassfish/hk2/osgi-resource-locator/1.0.1/osgi-resource-locator-1.0.1.jar!/" />
        <root url="jar://$MAVEN_REPOSITORY$/org/glassfish/jersey/core/jersey-server/2.22.2/jersey-server-2.22.2.jar!/" />
        <root url="jar://$MAVEN_REPOSITORY$/org/glassfish/jersey/media/jersey-media-jaxb/2.22.2/jersey-media-jaxb-2.22.2.jar!/" />
        <root url="jar://$MAVEN_REPOSITORY$/javax/validation/validation-api/1.1.0.Final/validation-api-1.1.0.Final.jar!/" />
        <root url="jar://$MAVEN_REPOSITORY$/org/glassfish/jersey/containers/jersey-container-servlet/2.22.2/jersey-container-servlet-2.22.2.jar!/" />
        <root url="jar://$MAVEN_REPOSITORY$/org/glassfish/jersey/containers/jersey-container-servlet-core/2.22.2/jersey-container-servlet-core-2.22.2.jar!/" />
        <root url="jar://$MAVEN_REPOSITORY$/io/netty/netty-all/4.1.17.Final/netty-all-4.1.17.Final.jar!/" />
        <root url="jar://$MAVEN_REPOSITORY$/io/netty/netty/3.9.9.Final/netty-3.9.9.Final.jar!/" />
        <root url="jar://$MAVEN_REPOSITORY$/com/clearspring/analytics/stream/2.7.0/stream-2.7.0.jar!/" />
        <root url="jar://$MAVEN_REPOSITORY$/io/dropwizard/metrics/metrics-core/3.1.5/metrics-core-3.1.5.jar!/" />
        <root url="jar://$MAVEN_REPOSITORY$/io/dropwizard/metrics/metrics-jvm/3.1.5/metrics-jvm-3.1.5.jar!/" />
        <root url="jar://$MAVEN_REPOSITORY$/io/dropwizard/metrics/metrics-json/3.1.5/metrics-json-3.1.5.jar!/" />
        <root url="jar://$MAVEN_REPOSITORY$/io/dropwizard/metrics/metrics-graphite/3.1.5/metrics-graphite-3.1.5.jar!/" />
        <root url="jar://$MAVEN_REPOSITORY$/com/fasterxml/jackson/module/jackson-module-scala_2.11/2.6.7.1/jackson-module-scala_2.11-2.6.7.1.jar!/" />
        <root url="jar://$MAVEN_REPOSITORY$/com/fasterxml/jackson/module/jackson-module-paranamer/2.7.9/jackson-module-paranamer-2.7.9.jar!/" />
        <root url="jar://$MAVEN_REPOSITORY$/org/apache/ivy/ivy/2.4.0/ivy-2.4.0.jar!/" />
        <root url="jar://$MAVEN_REPOSITORY$/oro/oro/2.0.8/oro-2.0.8.jar!/" />
        <root url="jar://$MAVEN_REPOSITORY$/net/razorvine/pyrolite/4.13/pyrolite-4.13.jar!/" />
        <root url="jar://$MAVEN_REPOSITORY$/net/sf/py4j/py4j/0.10.7/py4j-0.10.7.jar!/" />
        <root url="jar://$MAVEN_REPOSITORY$/org/apache/commons/commons-crypto/1.0.0/commons-crypto-1.0.0.jar!/" />
        <root url="jar://$MAVEN_REPOSITORY$/org/apache/spark/spark-catalyst_2.11/2.3.2/spark-catalyst_2.11-2.3.2.jar!/" />
        <root url="jar://$MAVEN_REPOSITORY$/org/scala-lang/scala-reflect/2.11.8/scala-reflect-2.11.8.jar!/" />
        <root url="jar://$MAVEN_REPOSITORY$/org/scala-lang/modules/scala-parser-combinators_2.11/1.0.4/scala-parser-combinators_2.11-1.0.4.jar!/" />
        <root url="jar://$MAVEN_REPOSITORY$/org/codehaus/janino/janino/3.0.8/janino-3.0.8.jar!/" />
        <root url="jar://$MAVEN_REPOSITORY$/org/codehaus/janino/commons-compiler/3.0.8/commons-compiler-3.0.8.jar!/" />
        <root url="jar://$MAVEN_REPOSITORY$/org/antlr/antlr4-runtime/4.7/antlr4-runtime-4.7.jar!/" />
        <root url="jar://$MAVEN_REPOSITORY$/commons-codec/commons-codec/1.10/commons-codec-1.10.jar!/" />
        <root url="jar://$MAVEN_REPOSITORY$/org/apache/spark/spark-tags_2.11/2.3.2/spark-tags_2.11-2.3.2.jar!/" />
        <root url="jar://$MAVEN_REPOSITORY$/org/apache/orc/orc-core/1.4.4/orc-core-1.4.4.jar!/" />
        <root url="jar://$MAVEN_REPOSITORY$/com/google/protobuf/protobuf-java/2.5.0/protobuf-java-2.5.0.jar!/" />
        <root url="jar://$MAVEN_REPOSITORY$/commons-lang/commons-lang/2.6/commons-lang-2.6.jar!/" />
        <root url="jar://$MAVEN_REPOSITORY$/io/airlift/aircompressor/0.8/aircompressor-0.8.jar!/" />
        <root url="jar://$MAVEN_REPOSITORY$/org/apache/orc/orc-mapreduce/1.4.4/orc-mapreduce-1.4.4.jar!/" />
        <root url="jar://$MAVEN_REPOSITORY$/com/esotericsoftware/kryo-shaded/3.0.3/kryo-shaded-3.0.3.jar!/" />
        <root url="jar://$MAVEN_REPOSITORY$/com/esotericsoftware/minlog/1.3.0/minlog-1.3.0.jar!/" />
        <root url="jar://$MAVEN_REPOSITORY$/org/objenesis/objenesis/2.1/objenesis-2.1.jar!/" />
        <root url="jar://$MAVEN_REPOSITORY$/org/apache/parquet/parquet-column/1.8.3/parquet-column-1.8.3.jar!/" />
        <root url="jar://$MAVEN_REPOSITORY$/org/apache/parquet/parquet-common/1.8.3/parquet-common-1.8.3.jar!/" />
        <root url="jar://$MAVEN_REPOSITORY$/org/apache/parquet/parquet-encoding/1.8.3/parquet-encoding-1.8.3.jar!/" />
        <root url="jar://$MAVEN_REPOSITORY$/org/apache/parquet/parquet-hadoop/1.8.3/parquet-hadoop-1.8.3.jar!/" />
        <root url="jar://$MAVEN_REPOSITORY$/org/apache/parquet/parquet-format/2.3.1/parquet-format-2.3.1.jar!/" />
        <root url="jar://$MAVEN_REPOSITORY$/org/apache/parquet/parquet-jackson/1.8.3/parquet-jackson-1.8.3.jar!/" />
        <root url="jar://$MAVEN_REPOSITORY$/org/codehaus/jackson/jackson-mapper-asl/1.9.11/jackson-mapper-asl-1.9.11.jar!/" />
        <root url="jar://$MAVEN_REPOSITORY$/org/codehaus/jackson/jackson-core-asl/1.9.11/jackson-core-asl-1.9.11.jar!/" />
        <root url="jar://$MAVEN_REPOSITORY$/com/fasterxml/jackson/core/jackson-databind/2.6.7.1/jackson-databind-2.6.7.1.jar!/" />
        <root url="jar://$MAVEN_REPOSITORY$/com/fasterxml/jackson/core/jackson-annotations/2.6.0/jackson-annotations-2.6.0.jar!/" />
        <root url="jar://$MAVEN_REPOSITORY$/com/fasterxml/jackson/core/jackson-core/2.6.7/jackson-core-2.6.7.jar!/" />
        <root url="jar://$MAVEN_REPOSITORY$/org/apache/arrow/arrow-vector/0.8.0/arrow-vector-0.8.0.jar!/" />
        <root url="jar://$MAVEN_REPOSITORY$/org/apache/arrow/arrow-format/0.8.0/arrow-format-0.8.0.jar!/" />
        <root url="jar://$MAVEN_REPOSITORY$/org/apache/arrow/arrow-memory/0.8.0/arrow-memory-0.8.0.jar!/" />
        <root url="jar://$MAVEN_REPOSITORY$/joda-time/joda-time/2.9.9/joda-time-2.9.9.jar!/" />
        <root url="jar://$MAVEN_REPOSITORY$/com/carrotsearch/hppc/0.7.2/hppc-0.7.2.jar!/" />
        <root url="jar://$MAVEN_REPOSITORY$/com/vlkan/flatbuffers/1.2.0-3f79e055/flatbuffers-1.2.0-3f79e055.jar!/" />
        <root url="jar://$MAVEN_REPOSITORY$/org/apache/xbean/xbean-asm5-shaded/4.4/xbean-asm5-shaded-4.4.jar!/" />
        <root url="jar://$MAVEN_REPOSITORY$/org/spark-project/spark/unused/1.0.0/unused-1.0.0.jar!/" />
      </CLASSES>
      <JAVADOC />
      <SOURCES />
    </library>
    <library name="org.slf4j:slf4j-api:1.7.26" type="repository">
      <properties maven-id="org.slf4j:slf4j-api:1.7.26" />
      <CLASSES>
        <root url="jar://$MAVEN_REPOSITORY$/org/slf4j/slf4j-api/1.7.26/slf4j-api-1.7.26.jar!/" />
      </CLASSES>
      <JAVADOC>
        <root url="jar://$MAVEN_REPOSITORY$/org/slf4j/slf4j-api/1.7.26/slf4j-api-1.7.26-javadoc.jar!/" />
      </JAVADOC>
      <SOURCES />
    </library>
    <library name="org.slf4j:slf4j-simple:1.7.2" type="repository">
      <properties maven-id="org.slf4j:slf4j-simple:1.7.2" />
      <CLASSES>
        <root url="jar://$MAVEN_REPOSITORY$/org/slf4j/slf4j-simple/1.7.2/slf4j-simple-1.7.2.jar!/" />
        <root url="jar://$MAVEN_REPOSITORY$/org/slf4j/slf4j-api/1.7.2/slf4j-api-1.7.2.jar!/" />
      </CLASSES>
      <JAVADOC>
        <root url="jar://$MAVEN_REPOSITORY$/org/slf4j/slf4j-simple/1.7.2/slf4j-simple-1.7.2-javadoc.jar!/" />
        <root url="jar://$MAVEN_REPOSITORY$/org/slf4j/slf4j-api/1.7.2/slf4j-api-1.7.2-javadoc.jar!/" />
      </JAVADOC>
      <SOURCES>
        <root url="jar://$MAVEN_REPOSITORY$/org/slf4j/slf4j-simple/1.7.2/slf4j-simple-1.7.2-sources.jar!/" />
        <root url="jar://$MAVEN_REPOSITORY$/org/slf4j/slf4j-api/1.7.2/slf4j-api-1.7.2-sources.jar!/" />
      </SOURCES>
    </library>
    <library name="Python 3.5 (py35) interpreter library">
      <CLASSES>
        <root url="file://$USER_HOME$/.conda/envs/py35/DLLs" />
        <root url="file://$USER_HOME$/.conda/envs/py35/Lib" />
        <root url="file://$USER_HOME$/.conda/envs/py35/Lib/site-packages" />
        <root url="file://$USER_HOME$/.IdeaIC2019.1/system/python_stubs/356291002" />
        <root url="file://$APPLICATION_PLUGINS_DIR$/python-ce/helpers/python-skeletons" />
        <root url="file://$APPLICATION_PLUGINS_DIR$/python-ce/helpers/typeshed/stdlib/3" />
        <root url="file://$APPLICATION_PLUGINS_DIR$/python-ce/helpers/typeshed/stdlib/2and3" />
        <root url="file://$APPLICATION_PLUGINS_DIR$/python-ce/helpers/typeshed/third_party/3" />
        <root url="file://$APPLICATION_PLUGINS_DIR$/python-ce/helpers/typeshed/third_party/2and3" />
      </CLASSES>
      <JAVADOC />
      <SOURCES>
        <root url="file://$USER_HOME$/.conda/envs/py35/DLLs" />
        <root url="file://$USER_HOME$/.conda/envs/py35/Lib" />
        <root url="file://$USER_HOME$/.conda/envs/py35/Lib/site-packages" />
        <root url="file://$USER_HOME$/.IdeaIC2019.1/system/python_stubs/356291002" />
        <root url="file://$APPLICATION_PLUGINS_DIR$/python-ce/helpers/python-skeletons" />
        <root url="file://$APPLICATION_PLUGINS_DIR$/python-ce/helpers/typeshed/stdlib/3" />
        <root url="file://$APPLICATION_PLUGINS_DIR$/python-ce/helpers/typeshed/stdlib/2and3" />
        <root url="file://$APPLICATION_PLUGINS_DIR$/python-ce/helpers/typeshed/third_party/3" />
        <root url="file://$APPLICATION_PLUGINS_DIR$/python-ce/helpers/typeshed/third_party/2and3" />
      </SOURCES>
    </library>
    <library name="Python 3.6 (py36) interpreter library">
      <CLASSES>
        <root url="file://C:/ProgramData/Anaconda3/envs/py36/DLLs" />
        <root url="file://C:/ProgramData/Anaconda3/envs/py36/Lib" />
        <root url="file://$USER_HOME$/AppData/Roaming/Python/Python36/site-packages" />
        <root url="file://C:/ProgramData/Anaconda3/envs/py36/Lib/site-packages" />
        <root url="file://$USER_HOME$/.IdeaIC2019.1/system/python_stubs/-153337862" />
        <root url="file://$APPLICATION_PLUGINS_DIR$/python-ce/helpers/python-skeletons" />
        <root url="file://$APPLICATION_PLUGINS_DIR$/python-ce/helpers/typeshed/stdlib/3" />
        <root url="file://$APPLICATION_PLUGINS_DIR$/python-ce/helpers/typeshed/stdlib/2and3" />
        <root url="file://$APPLICATION_PLUGINS_DIR$/python-ce/helpers/typeshed/third_party/3" />
        <root url="file://$APPLICATION_PLUGINS_DIR$/python-ce/helpers/typeshed/third_party/2and3" />
      </CLASSES>
      <JAVADOC />
      <SOURCES>
        <root url="file://C:/ProgramData/Anaconda3/envs/py36/DLLs" />
        <root url="file://C:/ProgramData/Anaconda3/envs/py36/Lib" />
        <root url="file://$USER_HOME$/AppData/Roaming/Python/Python36/site-packages" />
        <root url="file://C:/ProgramData/Anaconda3/envs/py36/Lib/site-packages" />
        <root url="file://$USER_HOME$/.IdeaIC2019.1/system/python_stubs/-153337862" />
        <root url="file://$APPLICATION_PLUGINS_DIR$/python-ce/helpers/python-skeletons" />
        <root url="file://$APPLICATION_PLUGINS_DIR$/python-ce/helpers/typeshed/stdlib/3" />
        <root url="file://$APPLICATION_PLUGINS_DIR$/python-ce/helpers/typeshed/stdlib/2and3" />
        <root url="file://$APPLICATION_PLUGINS_DIR$/python-ce/helpers/typeshed/third_party/3" />
        <root url="file://$APPLICATION_PLUGINS_DIR$/python-ce/helpers/typeshed/third_party/2and3" />
      </SOURCES>
    </library>
    <library name="scala-sdk-2.11.8" type="Scala">
      <properties>
        <language-level>Scala_2_11</language-level>
        <compiler-classpath>
          <root url="file://C:/Program Files (x86)/scala/lib/scala-compiler.jar" />
          <root url="file://C:/Program Files (x86)/scala/lib/scala-library.jar" />
          <root url="file://C:/Program Files (x86)/scala/lib/scala-reflect.jar" />
        </compiler-classpath>
      </properties>
      <CLASSES>
        <root url="jar://C:/Program Files (x86)/scala/lib/scala-actors-2.11.0.jar!/" />
        <root url="jar://C:/Program Files (x86)/scala/lib/scala-actors-migration_2.11-1.1.0.jar!/" />
        <root url="jar://C:/Program Files (x86)/scala/lib/scala-library.jar!/" />
        <root url="jar://C:/Program Files (x86)/scala/lib/scala-parser-combinators_2.11-1.0.4.jar!/" />
        <root url="jar://C:/Program Files (x86)/scala/lib/scala-reflect.jar!/" />
        <root url="jar://C:/Program Files (x86)/scala/lib/scala-swing_2.11-1.0.2.jar!/" />
        <root url="jar://C:/Program Files (x86)/scala/lib/scala-xml_2.11-1.0.4.jar!/" />
      </CLASSES>
      <JAVADOC>
        <root url="jar://C:/Program Files (x86)/scala/api/jars/scala-actors-2.11.0-javadoc.jar!/" />
        <root url="jar://C:/Program Files (x86)/scala/api/jars/scala-actors-migration_2.11-1.1.0-javadoc.jar!/" />
        <root url="jar://C:/Program Files (x86)/scala/api/jars/scala-library-2.11.8-javadoc.jar!/" />
        <root url="jar://C:/Program Files (x86)/scala/api/jars/scala-parser-combinators_2.11-1.0.4-javadoc.jar!/" />
        <root url="jar://C:/Program Files (x86)/scala/api/jars/scala-reflect-2.11.8-javadoc.jar!/" />
        <root url="jar://C:/Program Files (x86)/scala/api/jars/scala-swing_2.11-1.0.2-javadoc.jar!/" />
        <root url="jar://C:/Program Files (x86)/scala/api/jars/scala-xml_2.11-1.0.4-javadoc.jar!/" />
      </JAVADOC>
      <SOURCES />
    </library>
  </component>
</application>