<application>
  <component name="ActionMacroManager">
    <macro name="macro-uncomment">
      <shortuct text="ENTER" />
      <action id="CommentByLineComment" />
      <action id="EditorUp" />
      <action id="EditorLineStart" />
      <action id="EmacsStyleIndent" />
      <action id="GotoAction" />
      <shortuct text="DOWN" />
      <shortuct text="ENTER" />
    </macro>
    <macro name="macro-comment">
      <action id="CommentByLineComment" />
      <action id="EditorUp" />
      <action id="EditorLineStart" />
      <action id="EmacsStyleIndent" />
      <action id="GotoAction" />
      <typing text-keycode="77:0;65:0;67:0;82:0;79:0">macro</typing>
      <shortuct text="DOWN" />
      <shortuct text="DOWN" />
      <shortuct text="DOWN" />
      <shortuct text="ENTER" />
    </macro>
    <macro name="macro-block-uncomment">
      <action id="CommentByLineComment" />
      <action id="AutoIndentLines" />
    </macro>
  </component>
</application>