<application>
  <component name="MaterialThemeConfig">
    <option name="allowDataCollection" value="true" />
    <option name="isCompactStatusBar" value="true" />
    <option name="isHighContrast" value="true" />
    <option name="isWizardShown" value="true" />
    <option name="pristineConfig" value="false" />
    <option name="upperCaseButtons" value="false" />
    <option name="highlightThickness" value="4" />
    <option name="tabsHeight" value="30" />
    <option name="accentColor" value="ffeb3b" />
    <option name="selectedTheme" value="DARKER" />
    <option name="userId" value="-49db9833:169ba6ea1b1:-8000" />
    <option name="version" value="3.10.0" />
  </component>
</application>