<application>
  <component name="ProjectManager">
    <defaultProject>
      <component name="CompilerConfiguration">
        <option name="BUILD_PROCESS_HEAP_SIZE" value="1600" />
      </component>
      <component name="CompilerWorkspaceConfiguration">
        <option name="MAKE_PROJECT_ON_SAVE" value="true" />
      </component>
      <component name="DefaultGradleProjectSettings">
        <option name="testRunner" value="GRADLE" />
        <option name="delegatedBuild" value="true" />
      </component>
      <component name="Encoding" defaultCharsetForPropertiesFiles="UTF-8" />
      <component name="ExternalDependencies">
        <plugin id="PythonCore" />
        <plugin id="com.chrisrm.idea.MaterialThemeUI" />
        <plugin id="org.intellij.scala" />
        <plugin id="org.jetbrains.idea.maven" />
      </component>
      <component name="MavenImportPreferences">
        <option name="importingSettings">
          <MavenImportingSettings>
            <option name="downloadDocsAutomatically" value="true" />
            <option name="downloadSourcesAutomatically" value="true" />
            <option name="vmOptionsForImporter" value="-Xmx1536m" />
          </MavenImportingSettings>
        </option>
      </component>
      <component name="ProjectDictionaryState">
        <dictionary name="MerzDal" />
      </component>
      <component name="ProjectInspectionProfilesVisibleTreeState">
        <entry key="Project Default">
          <profile-state>
            <expanded-state>
              <State />
              <State>
                <id>Android</id>
              </State>
              <State>
                <id>CorrectnessLintAndroid</id>
              </State>
              <State>
                <id>J2ME issuesJava</id>
              </State>
              <State>
                <id>Java</id>
              </State>
              <State>
                <id>Kotlin</id>
              </State>
              <State>
                <id>LintAndroid</id>
              </State>
              <State>
                <id>LintLintAndroid</id>
              </State>
              <State>
                <id>PerformanceJava</id>
              </State>
              <State>
                <id>Python</id>
              </State>
              <State>
                <id>Redundant constructsKotlin</id>
              </State>
              <State>
                <id>Resource leaksScala</id>
              </State>
              <State>
                <id>Resource managementJava</id>
              </State>
              <State>
                <id>Scala</id>
              </State>
              <State>
                <id>SecurityLintAndroid</id>
              </State>
              <State>
                <id>VisibilityJava</id>
              </State>
            </expanded-state>
          </profile-state>
        </entry>
      </component>
      <component name="ProjectRootManager" version="2" languageLevel="JDK_1_8" project-jdk-name="1.8" project-jdk-type="JavaSDK" />
      <component name="PropertiesComponent">
        <property name="last_opened_file_path" value="$MAVEN_REPOSITORY$/org/apache/spark/spark-sql_2.11" />
        <property name="project.structure.last.edited" value="Project" />
        <property name="project.structure.proportion" value="0.15" />
        <property name="project.structure.side.proportion" value="0.2" />
        <property name="settings.editor.selected.configurable" value="com.intellij.jarRepository.settings.RemoteRepositoriesConfigurable" />
      </component>
      <component name="RunDashboard">
        <option name="ruleStates">
          <list>
            <RuleState>
              <option name="name" value="ConfigurationTypeDashboardGroupingRule" />
            </RuleState>
            <RuleState>
              <option name="name" value="StatusDashboardGroupingRule" />
            </RuleState>
          </list>
        </option>
      </component>
      <component name="SbtLocalSettings">
        <option name="projectSyncType">
          <map>
            <entry key="$USER_HOME$/Documents/neighborhood/nas_epsilon/out" value="PREVIEW" />
            <entry key="$USER_HOME$/Documents/neighborhood/nas_epsilon/project" value="PREVIEW" />
            <entry key="$USER_HOME$/Documents/scala/templateproject" value="PREVIEW" />
          </map>
        </option>
      </component>
      <component name="ScalaProjectSettings">
        <option name="intInjectionMapping">
          <map>
            <entry key="xml" value="XML" />
          </map>
        </option>
      </component>
      <component name="ScalaSbtSettings">
        <option name="customVMEnabled" value="true" />
        <option name="customVMPath" value="C:/Program Files/Java/jdk1.8.0_201" />
        <option name="maximumHeapSize" value="6144" />
      </component>
      <component name="SvnConfiguration">
        <configuration>C:\Users\MerzDal\AppData\Roaming\Subversion</configuration>
      </component>
      <component name="TerminalProjectOptionsProvider">
        <option name="myStartingDirectory" value="C:\Users\MerzDal" />
      </component>
      <component name="VcsManagerConfiguration">
        <option name="OFFER_MOVE_TO_ANOTHER_CHANGELIST_ON_PARTIAL_COMMIT" value="true" />
        <option name="FORCE_NON_EMPTY_COMMENT" value="true" />
        <option name="CLEAR_INITIAL_COMMIT_MESSAGE" value="true" />
      </component>
      <component name="libraryTable">
        <library name="spark-core_2">
          <CLASSES>
            <root url="file://$MAVEN_REPOSITORY$/org/apache/spark/spark-core_2.11" />
          </CLASSES>
          <JAVADOC />
          <SOURCES>
            <root url="file://$MAVEN_REPOSITORY$/org/apache/spark/spark-core_2.11" />
          </SOURCES>
        </library>
        <library name="spark-sql_2">
          <CLASSES>
            <root url="file://$MAVEN_REPOSITORY$/org/apache/spark/spark-sql_2.11" />
          </CLASSES>
          <JAVADOC />
          <SOURCES>
            <root url="file://$MAVEN_REPOSITORY$/org/apache/spark/spark-sql_2.11" />
          </SOURCES>
        </library>
      </component>
      <component name="masterDetails">
        <states>
          <state key="GlobalLibrariesConfigurable.UI">
            <settings>
              <last-edited>org.apache.spark:spark-sql_2.11:2.3.3</last-edited>
              <splitter-proportions>
                <option name="proportions">
                  <list>
                    <option value="0.2" />
                  </list>
                </option>
              </splitter-proportions>
            </settings>
          </state>
          <state key="JdkListConfigurable.UI">
            <settings>
              <last-edited>1.8</last-edited>
              <splitter-proportions>
                <option name="proportions">
                  <list>
                    <option value="0.2" />
                  </list>
                </option>
              </splitter-proportions>
            </settings>
          </state>
          <state key="ProjectJDKs.UI">
            <settings>
              <last-edited>1.8</last-edited>
              <splitter-proportions>
                <option name="proportions">
                  <list>
                    <option value="0.2" />
                  </list>
                </option>
              </splitter-proportions>
            </settings>
          </state>
          <state key="ProjectLibrariesConfigurable.UI">
            <settings>
              <last-edited>spark-sql_2</last-edited>
              <splitter-proportions>
                <option name="proportions">
                  <list>
                    <option value="0.2" />
                  </list>
                </option>
              </splitter-proportions>
            </settings>
          </state>
        </states>
      </component>
    </defaultProject>
  </component>
</application>