<application>
  <component name="StudioSettings">
    <option name="generalSettings">
      <GeneralSettings>
        <option name="enableInternalFeatures" value="false" />
        <option name="macAddress" value="00-15-5D-38-01-00" />
      </GeneralSettings>
    </option>
    <option name="sdkSettings">
      <SdkSettings>
        <option name="allSdks">
          <list>
            <SdkInfo>
              <option name="sdkType" value="ODPS_CMD" />
              <option name="version" value="0.30.2-public" />
              <option name="installedLocation" value="C:\Users\MerzDal\.IdeaIC2019.1\config\plugins\odps-studio-intellij\odpscmd_public" />
              <option name="isDefault" value="true" />
            </SdkInfo>
          </list>
        </option>
      </SdkSettings>
    </option>
  </component>
</application>