<keymap version="1" name="Emacs-mycopy-21" parent="Emacs">
  <action id="$Undo">
    <keyboard-shortcut first-keystroke="ctrl z" />
  </action>
  <action id="CheckinProject" />
  <action id="CollapseBlock" />
  <action id="CollapseRegion">
    <keyboard-shortcut first-keystroke="shift ctrl comma" />
  </action>
  <action id="CollapseSelection" />
  <action id="CommentByBlockComment">
    <keyboard-shortcut first-keystroke="shift ctrl slash" />
  </action>
  <action id="CommentByLineComment">
    <keyboard-shortcut first-keystroke="ctrl slash" />
  </action>
  <action id="Editor Undo">
    <keyboard-shortcut first-keystroke="ctrl z" />
  </action>
  <action id="EditorCloneCaretBelow">
    <keyboard-shortcut first-keystroke="ctrl c" second-keystroke="ctrl d" />
  </action>
  <action id="EditorDuplicate" />
  <action id="EditorDuplicateLines">
    <keyboard-shortcut first-keystroke="ctrl i" second-keystroke="ctrl i" />
  </action>
  <action id="EditorPageUp">
    <keyboard-shortcut first-keystroke="alt v" />
    <keyboard-shortcut first-keystroke="page_up" />
  </action>
  <action id="EditorPasteFromX11">
    <keyboard-shortcut first-keystroke="shift ctrl y" />
  </action>
  <action id="ExpandAllRegions">
    <keyboard-shortcut first-keystroke="shift ctrl alt comma" />
  </action>
  <action id="ExpandRegion">
    <keyboard-shortcut first-keystroke="shift ctrl period" />
  </action>
  <action id="GotoClass">
    <keyboard-shortcut first-keystroke="shift alt g" />
    <keyboard-shortcut first-keystroke="ctrl alt g" second-keystroke="c" />
  </action>
  <action id="GotoDeclaration">
    <keyboard-shortcut first-keystroke="escape" second-keystroke="period" />
    <keyboard-shortcut first-keystroke="alt period" />
    <mouse-shortcut keystroke="control button1" />
  </action>
  <action id="GotoImplementation">
    <keyboard-shortcut first-keystroke="ctrl alt g" second-keystroke="i" />
  </action>
  <action id="GotoLine">
    <keyboard-shortcut first-keystroke="alt g" />
    <keyboard-shortcut first-keystroke="ctrl alt g" second-keystroke="l" />
  </action>
  <action id="GotoSymbol">
    <keyboard-shortcut first-keystroke="shift ctrl alt n" />
    <keyboard-shortcut first-keystroke="ctrl alt g" second-keystroke="f" />
  </action>
  <action id="Images.Editor.ActualSize">
    <keyboard-shortcut first-keystroke="ctrl divide" />
  </action>
  <action id="ImplementMethods" />
  <action id="Mvc.RunTarget" />
  <action id="QuickImplementations">
    <keyboard-shortcut first-keystroke="ctrl alt g" second-keystroke="d" />
  </action>
  <action id="Run">
    <keyboard-shortcut first-keystroke="shift f10" />
    <keyboard-shortcut first-keystroke="ctrl c" second-keystroke="ctrl c" />
  </action>
  <action id="SaveAsTemplate">
    <keyboard-shortcut first-keystroke="ctrl c" second-keystroke="ctrl t" />
  </action>
  <action id="Scala.RenameJavaToScala">
    <keyboard-shortcut first-keystroke="shift ctrl s" />
  </action>
  <action id="Scala.ShowImplicits">
    <keyboard-shortcut first-keystroke="shift ctrl alt equals" />
    <keyboard-shortcut first-keystroke="shift ctrl alt add" />
  </action>
  <action id="SearchEverywhere.NavigateToPrevGroup">
    <keyboard-shortcut first-keystroke="ctrl up" />
  </action>
  <action id="ShowUsages">
    <keyboard-shortcut first-keystroke="ctrl alt f7" />
    <keyboard-shortcut first-keystroke="ctrl alt g" second-keystroke="u" />
  </action>
</keymap>