<application>
  <component name="PropertiesComponent">
    <property name="AFTER.DISTRACTION.MODE.ARE_GUTTER_ICONS_SHOWN" value="false" />
    <property name="AFTER.DISTRACTION.MODE.ARE_LINE_NUMBERS_SHOWN" value="false" />
    <property name="AFTER.DISTRACTION.MODE.EDITOR_TAB_PLACEMENT" value="0" />
    <property name="AFTER.DISTRACTION.MODE.HIDE_TOOL_STRIPES" value="true" />
    <property name="AFTER.DISTRACTION.MODE.IS_FOLDING_OUTLINE_SHOWN" value="false" />
    <property name="AFTER.DISTRACTION.MODE.IS_INDENT_GUIDES_SHOWN" value="false" />
    <property name="AFTER.DISTRACTION.MODE.IS_RIGHT_MARGIN_SHOWN" value="false" />
    <property name="AFTER.DISTRACTION.MODE.IS_WHITESPACES_SHOWN" value="false" />
    <property name="AFTER.DISTRACTION.MODE.SHOW_BREADCRUMBS" value="false" />
    <property name="AFTER.DISTRACTION.MODE.SHOW_MAIN_TOOLBAR" value="false" />
    <property name="AFTER.DISTRACTION.MODE.SHOW_METHOD_SEPARATORS" value="false" />
    <property name="AFTER.DISTRACTION.MODE.SHOW_NAVIGATION_BAR" value="false" />
    <property name="AFTER.DISTRACTION.MODE.SHOW_STATUS_BAR" value="false" />
    <property name="BEFORE.DISTRACTION.MODE.ARE_GUTTER_ICONS_SHOWN" value="true" />
    <property name="BEFORE.DISTRACTION.MODE.ARE_LINE_NUMBERS_SHOWN" value="true" />
    <property name="BEFORE.DISTRACTION.MODE.EDITOR_TAB_PLACEMENT" value="1" />
    <property name="BEFORE.DISTRACTION.MODE.HIDE_TOOL_STRIPES" value="false" />
    <property name="BEFORE.DISTRACTION.MODE.IS_FOLDING_OUTLINE_SHOWN" value="true" />
    <property name="BEFORE.DISTRACTION.MODE.IS_INDENT_GUIDES_SHOWN" value="true" />
    <property name="BEFORE.DISTRACTION.MODE.IS_RIGHT_MARGIN_SHOWN" value="true" />
    <property name="BEFORE.DISTRACTION.MODE.IS_WHITESPACES_SHOWN" value="false" />
    <property name="BEFORE.DISTRACTION.MODE.SHOW_BREADCRUMBS" value="true" />
    <property name="BEFORE.DISTRACTION.MODE.SHOW_MAIN_TOOLBAR" value="false" />
    <property name="BEFORE.DISTRACTION.MODE.SHOW_METHOD_SEPARATORS" value="false" />
    <property name="BEFORE.DISTRACTION.MODE.SHOW_NAVIGATION_BAR" value="true" />
    <property name="BEFORE.DISTRACTION.MODE.SHOW_STATUS_BAR" value="true" />
    <property name="CommitChangeListDialog.DETAILS_SPLITTER_PROPORTION_2" value="0.5765766" />
    <property name="CommitChangeListDialog.SPLITTER_PROPORTION_2" value="0.61567163" />
    <property name="Copy.OpenInEditor" value="true" />
    <property name="ExpandBeforeRunStepsPanel" value="true" />
    <property name="ExpandRunDashboardTypesPanel" value="false" />
    <property name="FileTemplates.SelectedTemplate" value="HTML File" />
    <property name="InstalledPluginsSearchHistory" value="maxcom&#10;jdk&#10;todo&#10;git&#10;python" />
    <property name="KEYMAP" value="show usage&#10;show&#10;search template&#10;search snippet&#10;definition" />
    <property name="LAST_INJECTED_LANGUAGE" value="Scala" />
    <property name="MavenModuleWizard.inheritGroupId" value="true" />
    <property name="MavenModuleWizard.inheritVersion" value="true" />
    <property name="PluginConfigurable.selectionTab" value="1" />
    <property name="ProjectStructure.SecondLevelElements" value="0.26878613" />
    <property name="SettingsSearchHistory" value="keymap&#10;manage&#10;define&#10;show spaces&#10;spell" />
    <property name="SplitFileEditor.Proportion" value="0.5338726" />
    <property name="TrendingPluginsSearchHistory" value="maxcompute&#10;highlighter&#10;maven&#10;assembly&#10;assembl" />
    <property name="UpdatePluginsSearchHistory" value="assembly" />
    <property name="ask.about.ctrl.y.shortcut" value="true" />
    <property name="build.toolwindow.Sync.selection.state" value="consoleView" />
    <property name="build.toolwindow.run.selection.state" value="consoleView" />
    <property name="com.intellij.openapi.roots.ui.configuration.TabbedModuleEditor.selectedEditor" value="Sources" />
    <property name="create.project.preferred.importer" value="Existing Sources" />
    <property name="defaultJdkConfigured" value="true" />
    <property name="export.settings.path" value="C:\Users\MerzDal\.IdeaIC2019.1\config\settings_J19_48_withScala210.zip" />
    <property name="file.chooser.recent.files" value="$USER_HOME$/Documents/ltvo/src/sampleClass.py&#10;C:/Users/MerzDal/Documents/ltvo&#10;C:/Users/MerzDal/Documents/neighborhood/nas_epsilon&#10;C:/Users/MerzDal/.m2/repository/org/apache/spark/spark-core_2.10/2.2.0&#10;C:/Users/MerzDal/.m2/repository/org/apache/spark/spark-sql_2.10&#10;C:/Users/MerzDal/.m2/repository/org&#10;C:/Users/MerzDal/Documents/neighborhood/nas_epsilon/epsilon.xml&#10;C:/Users/MerzDal/Documents/neighborhood/nas_epsilon/build.xml&#10;C:/Users/MerzDal/.sbt/plugins/build.sbt&#10;C:/Users/MerzDal/Documents/neighborhood/nas_epsilon/src/main/scala&#10;C:/Documents and Settings&#10;C:/Program Files (x86)/scala/lib&#10;C:/Users/MerzDal/Documents/neighborhood/nas_epsilon/project/plugins.sbt&#10;C:/Users/MerzDal/Documents/neighborhood/nas_epsilonM/pom.xml&#10;C:/Users/MerzDal/Documents/neighborhood/nas_epsilonM&#10;C:/Program Files/Java/jdk1.8.0_201&#10;C:/Users/MerzDal/Documents/scala/example1&#10;C:/Users/MerzDal/Documents/neighborhood/nas_epsilon/out&#10;C:/Users/MerzDal/Downloads/json_dict.py&#10;C:/Users/MerzDal/Downloads/unique.py&#10;C:/Users/MerzDal/Documents/nielsen_api/main.py&#10;C:/Users/MerzDal/Documents/nielsen_api&#10;C:/Users/MerzDal/Documents/RequestData/main.py&#10;C:/Users/MerzDal/.m2/repository/org/apache/spark/spark-sql_2.11&#10;C:/Users/MerzDal/.m2/repository/org/apache/spark/spark-core_2.11&#10;C:/Users/MerzDal/Documents/RequestData&#10;C:/Users/MerzDal/Documents/neighborhood/nas_epsilon2&#10;C:/Users/MerzDal/.m2/repository/org/apache/logging/log4j&#10;C:/Users/MerzDal/Documents/neighborhood/nas_epsilon/src/main/scala/com/pg/bigdata/template&#10;C:/Users/MerzDal/Documents/neighborhood/NAS_go" />
    <property name="file.gist.reindex.count" value="79720" />
    <property name="fileTypeChangedCounter" value="15" />
    <property name="installed.kotlin.plugin.version" value="1.3.21-release-IJ2019.1-3" />
    <property name="java.module.default.source.root" value="src" />
    <property name="jdk.selected.JAVA_MODULE" value="1.8 (3)" />
    <property name="jdk.selected.PLUGIN_MODULE" value="IntelliJ IDEA Community Edition IC-191.6183.87" />
    <property name="jdk.selected.PYTHON_MODULE" value="Python 3.6" />
    <property name="kotlin.lastUpdateCheck" value="1556126756682" />
    <property name="last.imported.location" value="$USER_HOME$/Documents/neighborhood/nas_epsilon" />
    <property name="lastTip" value="1" />
    <property name="learn.toolwindow.button.info.shown" value="true" />
    <property name="mt.showStatisticsAgreement" value="true" />
    <property name="odps.studio.lastUpdateCheckTimestamp" value="1560459563661" />
    <property name="project.wizard.group" value="PYTHON_MODULE" />
    <property name="project.wizard.template" value="Maven" />
    <property name="sbt-executor-commands" value="compile&#10;clean&#10;gen-idea&#10;null" />
    <property name="sbt-executor-vmoptions" value="-Xmx1024M -XX:MaxPermSize=512M" />
    <property name="scala.last.updated" value="1562525869479" />
    <property name="selected.color.option.type" value="LOG_ERROR_OUTPUT" />
    <property name="settings.code.style.selected.tab.JAVA" value="Code Generation" />
    <property name="settings.code.style.selected.tab.Scala" value="Spaces" />
    <property name="tasks.pass.word.conversion.enforced" value="true" />
  </component>
  <component name="PyCodeInsightSettings">
    <option name="PREFER_FROM_IMPORT" value="false" />
  </component>
  <component name="SbtSettings">
    <option name="jdkHome" value="" />
    <option name="sbtLauncherVmParameters" value="-Xmx512M -XX:MaxPermSize=512M" />
  </component>
</application>